{
  "parent": "minecraft:item/handheld",
  "textures": {
    "layer0": "minecraft:item/blaze_rod"
  },
  "overrides": [
    {
      "predicate": {
        "custom_model_data": 1
      },
      "model": "minecraft:item/wand_rusty"
    },
    {
      "predicate": {
        "custom_model_data": 2
      },
      "model": "minecraft:item/wand_wooden"
    },
    {
      "predicate": {
        "custom_model_data": 3
      },
      "model": "minecraft:item/wand_strong_wooden"
    },
    {
      "predicate": {
        "custom_model_data": 4
      },
      "model": "minecraft:item/wand_cursed"
    },
    {
      "predicate": {
        "custom_model_data": 5
      },
      "model": "minecraft:item/wand_phantom"
    },
    {
      "predicate": {
        "custom_model_data": 6
      },
      "model": "minecraft:item/wand_spectral"
    },
    {
      "predicate": {
        "custom_model_data": 7
      },
      "model": "minecraft:item/wand_arcane"
    },
    {
      "predicate": {
        "custom_model_data": 8
      },
      "model": "minecraft:item/wand_undead"
    },
    {
      "predicate": {
        "custom_model_data": 9
      },
      "model": "minecraft:item/wand_fell"
    }

  ]
}
