{
  "providers":[
      {"type":"bitmap","file":"minecraft:extras/credits.png","ascent":11,"height":13,"chars":["\ue100"]},
      {"type":"bitmap","file":"minecraft:extras/celestial.png","ascent":11,"height":13,"chars":["\ue101"]},
      {"type":"bitmap","file":"minecraft:extras/deaths.png","ascent":11,"height":13,"chars":["\ue102"]},
      {"type":"bitmap","file":"minecraft:item/weak_booster.png","ascent":8,"height":10,"chars":["\ue103"]},
      {"type":"bitmap","file":"minecraft:item/booster.png","ascent":8,"height":10,"chars":["\ue104"]},
      {"type":"bitmap","file":"minecraft:item/strong_booster.png","ascent":8,"height":10,"chars":["\ue105"]},
      {"type":"bitmap","file":"minecraft:extras/coins.png","ascent":9,"height":13,"chars":["\ue156"]}
  ]
}