{
  "parent": "minecraft:item/handheld",
  "textures": {
    "layer0": "minecraft:item/diamond_sword"
  },
  "overrides": [
    {
      "predicate": {
        "custom_model_data": 1
      },
      "model": "minecraft:item/celestial_sword"
    },
    {
      "predicate": {
        "custom_model_data": 2
      },
      "model": "minecraft:item/gravekeeper_sword"
    },
    {
      "predicate": {
        "custom_model_data": 3
      },
      "model": "minecraft:item/soulreaper_sword"
    },
    {
      "predicate": {
        "custom_model_data": 4
      },
      "model": "minecraft:item/abyssal_sword"
    }

  ]
}
