{
  "parent": "minecraft:item/generated",
  "textures": {
    "layer0": "minecraft:item/experience_bottle"
  },
  "overrides": [
    {
      "predicate": {
        "custom_model_data": 1
      },
      "model": "minecraft:item/weak_booster"
    },
    {
      "predicate": {
        "custom_model_data": 2
      },
      "model": "minecraft:item/booster"
    },
    {
      "predicate": {
        "custom_model_data": 3
      },
      "model": "minecraft:item/strong_booster"
    }
  ]
}