{
  "parent": "minecraft:item/handheld",
  "textures": {
    "layer0": "minecraft:item/stick"
  },
  "overrides": [
    {
      "predicate": {
        "custom_model_data": 1
      },
      "model": "minecraft:item/healingwand1"
    },
    {
      "predicate": {
        "custom_model_data": 2
      },
      "model": "minecraft:item/healingwand2"
    },
    {
      "predicate": {
        "custom_model_data": 3
      },
      "model": "minecraft:item/healingwand3"
    }

  ]
}
